"cuisine","ingredient_string"
"spanish","red potato apple cider vinegar black peppercorn celery garlic kosher salt parsley mayonnaise cornichon mustard powder tarragon red onion"
"american","all purpose flour kosher salt baking soda double-acting baking powder unsalted butter buttermilk"
"middle eastern","allspice black peppercorn clove cumin seed nutmeg coriander seed green cardamom cinnamon"
"ancient","dried cranberry kosher salt unsalted butter cinnamon granny smith apple brown sugar pecan rolled oats orange zest granny smith apple unsalted butter maple syrup apple cider"
"ancient","unsalted butter black peppercorn carrot garlic kosher salt thyme chicken stock parchment paper"
"french","bacon onion kosher salt granny smith apple kosher salt water brussels sprout heavy cream whole grain mustard nutmeg goat cheese"
"american","garlic lemon juice anchovy egg yolk worcestershire sauce vegetable oil extra virgin olive oil black peppercorn parmesan romaine lettuce crouton"
"french","extra virgin olive oil garlic ciabatta kosher salt water extra virgin olive oil parmesan"
"indian","black peppercorn clove cinnamon stick green cardamom ground ginger"
"american","angostura bitters superfine sugar whiskey orange twist maraschino cherry"
"american","orange bitters sweet vermouth maraschino liqueur old tom gin lemon twist"
"american","gin orange bitters vermouth lemon twist"
"american","angostura bitters sweet vermouth rye whiskey maraschino cherry"
"french","pomegranate juice sugar pomegranate molasses rose water"
"american","lemon juice applejack grenadine peychauds bitters lemon twist"
"american","maraschino liqueur dry vermouth rye whiskey amer picon"
"american","lime juice superfine sugar light rum lime"
"mexican","kosher salt lime lime juice blanco tequila cointreau lime"
"french","lemon cognac lemon juice cointreau lemon twist"
"french","gin lemon juice superfine sugar champagne maraschino cherry lemon twist"
"american","lemon celery salt black peppercorn vodka worcestershire sauce lemon soy sauce hot sauce cayenne pepper horseradish sauce tomato juice celery"
"middle eastern","chickpea cumin seed garlic kosher salt onion parsley cilantro red pepper flakes all purpose flour double-acting baking powder vegetable oil"
"middle eastern","extra virgin olive oil granulated sugar kosher salt water rapid rise yeast whole wheat flour all purpose flour"
"spanish","water sandwich bread almond garlic kosher salt cayenne pepper sherry vinegar extra virgin olive oil almond extract vegetable oil almond green grape"
"ancient","half and half heavy cream vanilla bean egg yolk sugar vanilla extract"
"spanish","garlic tomato shallot kosher salt cayenne pepper tomato tomato paste smoked paprika extra virgin olive oil sherry vinegar"
"mexican","ancho chile beef broth chipotle chile vegetable oil onion garlic cumin seed tomato paste vegetable oil cumin seed coriander seed ground beef cilantro monterey jack cheese corn tortilla monterey jack cheese lime cilantro scallion sour cream"
"mexican","lime avocado cumin seed kosher salt cayenne pepper garlic onion cilantro plum tomato jalapeno"
"french","honey raspberry egg white egg yolk egg granulated sugar vanilla extract unsalted butter creme fraiche"
"ancient","puffed brown rice honey marshmallow flax seed oil dried cranberry almond dried cherries dried blueberry"
"english","egg yolk sugar heavy cream whole milk dark rum brandy egg white sugar nutmeg"
"mexican","whole milk egg yolk kosher salt sugar cornstarch cinnamon stick unsalted butter vanilla extract ground cinnamon"
"italian","powdered gelatin beef broth unsalted butter carrot celery onion ground beef ground pork ground veal tomato paste white wine bay leaf black peppercorn kosher salt nutmeg fish sauce heavy cream"
"italian","unsalted butter shallot garlic red pepper flakes tomato paste vodka canned tomatoes heavy cream"
"italian","kosher salt baking soda shrimp extra virgin olive oil garlic red pepper flakes oregano brandy canned tomatoes clam juice kosher salt water dried spaghetti extra virgin olive oil parsley"
"ancient","extra virgin olive oil garlic parsley dijon mustard rack of lamb"
"french","unsalted butter leek chicken stock bay leaf russet potato heavy cream buttermilk nutmeg chive"
"french","black peppercorn garlic heavy cream kosher salt nutmeg thyme shallot whole milk russet potato unsalted butter parmigiano reggiano gruyere"
"mexican","heavy cream whole milk egg yolk sugar clove vanilla bean cinnamon anise pasilla de oaxaca vanilla extract almond extract"
"italian","extra virgin olive oil kosher salt red onion garlic chicken stock coarse cornmeal black peppercorn kosher salt unsalted butter parmesan"
"italian","kosher salt chuck roast vegetable oil black peppercorn garlic water powdered gelatin shallot tomato paste bay leaf chianti rosemary anchovy paste black peppercorn chianti cornstarch chianti"
"french","unsalted butter red onion shallot yellow onion vidalia onion sherry chicken stock thyme bay leaf apple cider vinegar black peppercorn kosher salt fish sauce garlic unsalted butter bread gruyere chive"
"middle eastern","sugar bing cherry citric acid"
"italian","saffron water 00 flour egg yolk kosher salt"
"middle eastern","granny smith apple sugar malic acid glucose syrup xanthan gum"
"middle eastern","half and half kosher salt honey glucose syrup whole milk"
"french","egg lemon juice dijon mustard avocado oil kosher salt"
"middle eastern","banana kosher salt sugar water yuzu juice"
"ancient","kosher salt lemon juice creme fraiche applewood chip natural lump charcoal"
"ancient","chicken back chicken neck ice cube celery shallot leek celery root fennel bulb thyme white peppercorn bay leaf"
"english","egg yolk sugar cognac half and half heavy cream kosher salt bourbon rum whole milk nutmeg"
"italian","extra virgin olive oil kosher salt sugar red pepper flakes oregano canned whole tomato extra virgin olive oil kosher salt water yeast bread flour extra virgin olive oil monterey jack cheese mozzarella"
"american","egg white lemon juice mezcal simple syrup pomegranate juice rose water harissa paste ice cube sea salt pink peppercorn pomegranate seed"
"french","unsalted butter garlic kosher salt sugar yellow onion ginger candied ginger carrot thyme water baking soda carrot juice apple cider vinegar carrot juice sour cream chive"
"english","unsalted butter cauliflower black peppercorn egg kosher salt cayenne pepper mustard powder smoked paprika cheddar bread crumbs heavy cream cheddar"
"filipino","soy sauce chicken thigh apple cider vinegar black peppercorn garlic bay leaf coconut milk scallion"
"ancient","half and half cocoa powder half and half heavy cream egg yolk sugar vanilla extract almond extract"
"french","egg yolk heavy cream sugar sliced almond all purpose flour kosher salt unsalted butter heavy cream kosher salt espresso powder bittersweet chocolate unsalted butter egg heavy cream corn syrup bittersweet chocolate water orange zest"
"ancient","pectic enzyme red grapefruit navel orange sugar unsalted butter kosher salt pecan extra virgin olive oil shallot dijon mustard dried cherries watercress"
"french","cherry lemon juice all purpose flour ground cinnamon egg kosher salt sugar vanilla extract all purpose flour heavy cream whole milk unsalted butter sugar"
"mexican","vegetable oil kosher salt masa harina water vegetable oil"
"american","honey orange juice cranberry juice cranberry lemon juice orange zest"
"ancient","light brown sugar unsalted butter candied ginger peach all purpose flour kosher salt baking soda double-acting baking powder sugar unsalted butter vanilla extract buttermilk"
"middle eastern","beet garlic red chile greek yogurt extra virgin olive oil kosher salt date syrup zaatar goat cheese scallion hazelnut"
"english","red wine vinegar raspberry sugar"
"ancient","parchment paper kosher salt unsalted butter water carrot water golden raisin extra virgin olive oil kosher salt shallot red wine vinegar green olive fennel seed"
"french","parchment paper icing sugar almond flour egg white kosher salt granulated sugar"
"american","apple cider vinegar vegetable oil garlic ketchup worcestershire sauce soy sauce mustard powder brown sugar ground ginger chile powder"
"french","bittersweet chocolate heavy cream unsalted butter"
"american","extra virgin olive oil onion garlic allspice apple cider vinegar clove kosher salt cayenne pepper mustard powder brown sugar tomato paste tomato puree"
"italian","bacon black peppercorn kosher salt yellow onion clove anise spice bag celery garlic olive oil beef chuck pork butt white wine white wine beef broth porcini mushroom evaporated milk olive oil garlic canned tomatoes oregano basil marjoram ketchup white wine worcestershire sauce sherry vinegar tomato paste olive oil"
"american","unsalted butter kosher salt baking soda bread flour granulated sugar light brown sugar egg yolk egg vanilla extract whole milk chocolate chip kosher salt"
"french","parchment paper superfine sugar unsalted butter lemon clementine almond egg all purpose flour kosher salt almond superfine sugar lemon clementine clementine"
"french","salt pork onion thyme unsalted butter bay leaf yukon gold potato fish stock haddock heavy cream parsley chive oyster cracker"
"french","kosher salt white fish vegetable oil celery garlic leek yellow onion fennel bulb white wine black peppercorn parsley tarragon bay leaf"
"italian","all purpose flour water rapid rise yeast all purpose flour water rapid rise yeast kosher salt extra virgin olive oil kosher salt rosemary"
"french","bacon kosher salt onion black peppercorn kosher salt thyme beef broth chicken broth unsalted butter yukon gold potato"
"indian","black peppercorn clove cumin seed cinnamon stick green cardamom bay leaf mace black cardamom nutmeg"
"ancient","vegetable oil turkey neck turkey back carrot celery yellow onion turkey giblets black peppercorn kosher salt thyme water bay leaf rosemary"
"ancient","giblet stock all purpose flour giblet stock giblet stock potato starch black peppercorn kosher salt sage thyme rosemary"
"french","stout beer baking soda granulated sugar light brown sugar molasses all purpose flour black peppercorn ground cinnamon kosher salt double-acting baking powder ground ginger vegetable oil egg ground ginger"
"middle eastern","parsley cilantro tarragon dill basil arugula unsalted butter black peppercorn kosher salt hazelnut extra virgin olive oil lemon juice preserved lemon"
"mexican","granulated sugar kosher salt vanilla extract cornstarch cocoa powder powdered milk unsweetened chocolate"
"middle eastern","baking soda chickpea water garlic kosher salt lemon juice tahini water"
"indian","vegetable oil red onion water white poppy seed cashew clove nutmeg green cardamom mace rose petal garlic saffron unsalted butter white peppercorn ginger chile powder ground lamb khoya kosher salt"
"indian","whole milk kosher salt buttermilk cheesecloth"
"middle eastern","red potato black peppercorn egg white kosher salt cornstarch chive parsnip unsalted butter sunflower oil sour cream"
"indian","vegetable oil green cardamom mace garlic ginger water paprika kosher salt canned tomatoes unsalted butter honey fenugreek leaf heavy cream paneer"
"french","extra virgin olive oil garlic black peppercorn kosher salt pink peppercorn rosemary beef tenderloin"
"american","ground ginger gingersnap dark brown sugar unsalted butter pumpkin puree half and half kosher salt nutmeg egg yolk egg dark brown sugar dark brown sugar"
"italian","chicken stock water kosher salt unsalted butter yellow onion garlic arborio rice white wine parmigiano reggiano black peppercorn lemon juice parsley unsalted butter chive"
"ancient","granulated sugar"
"indian","mint water serrano chile cilantro granulated sugar sea salt lemon juice"
"english","unsalted butter steel-cut oats water buttermilk whole milk buttermilk brown sugar raspberry"
"middle eastern","granulated sugar kosher salt lemon juice vanilla extract orange zest orange juice whole milk"
"middle eastern","sesame seed kosher salt thyme oregano marjoram sumac"
"ancient","granulated sugar kosher salt baking soda double-acting baking powder whole wheat flour vegetable oil egg buttermilk"
"ancient","minneola orange lemon water granulated sugar"
"italian","red bell pepper yellow bell pepper garlic granulated sugar kosher salt red pepper flakes red wine vinegar garlic bread black peppercorn lemon juice feta"
"ancient","flank steak black peppercorn granulated sugar kosher salt lemon juice unsalted butter dijon mustard chive lemon zest vegetable oil chive"
"italian","water bacon garlic black peppercorn egg yolk egg pecorino romano kosher salt angel hair pasta"
"ancient","vodka minneola orange N2O Cartridges"
"french","extra virgin olive oil kosher salt sherry vinegar almond oil"
"french","basil grapeseed oil coffee filter"
"american","black peppercorn mayonnaise buttermilk chive kosher salt"
"french","celery grapeseed oil coffee filter"
"french","chive grapeseed oil coffee filter"
"french","unsalted butter garlic thyme cheesecloth"
"french","unsalted butter cheesecloth"
"american","elephant garlic whole milk vegetable oil"
"french","sunchoke vegetable oil kosher salt"
"french","unsalted butter thyme shallot water sweet potato apple cider vinegar black peppercorn kosher salt light brown sugar maple syrup sour cream chive"
"middle eastern","all purpose flour kosher salt cream cheese unsalted butter ground cinnamon granulated sugar walnut dried cherries chocolate chip raspberry jam egg"
"ancient","apple cider vinegar black peppercorn kosher salt mustard powder dark brown sugar ice cube pork chop black peppercorn kosher salt sage walnut buttermilk dried cherries golden raisin cornbread"
"italian","granulated sugar kosher salt water shrimp extra virgin olive oil thyme white wine black peppercorn extra virgin olive oil garlic red pepper flakes lemon juice cornstarch parsley unsalted butter fresh pasta"
"middle eastern","cauliflower bread black peppercorn extra virgin olive oil kosher salt black peppercorn extra virgin olive oil kosher salt extra virgin olive oil garlic lemon zest parsley lemon"
"french","unsalted butter bosc pear dried apricot kosher salt sugar unsalted butter white wine cardamom lemon juice pistachio vanilla ice cream"
"english","russet potato half and half unsalted butter black peppercorn kosher salt egg yolk vegetable oil carrot yellow onion garlic black peppercorn kosher salt ground lamb all purpose flour thyme worcestershire sauce tomato paste rosemary chicken broth corn english pea parchment paper"
"indian","kosher salt water pastry flour ajwain seed ghee coriander seed pomegranate seed vegetable oil cumin seed serrano chile ginger kosher salt cayenne pepper garam masala amchur red potato english pea cilantro vegetable oil"
"german","brandy dried currant all purpose flour allspice kosher salt nutmeg baking soda double-acting baking powder cinnamon ginger cocoa powder chocolate superfine sugar unsalted butter vanilla extract orange zest lemon zest egg parchment paper lemon juice superfine sugar lemon zest"
"middle eastern","almond granulated sugar water cheesecloth vodka orange blossom water"
"italian","sugar water active dry yeast all purpose flour kosher salt"
"french","bacon black peppercorn garlic kosher salt onion chipotle chile yukon gold potato olive oil black peppercorn egg kosher salt cheddar"
"french","minneola orange granulated sugar water granulated sugar"
"italian","campari gin sweet vermouth ice cube orange twist"
"english","all purpose flour granulated sugar kosher salt double-acting baking powder heavy cream parchment paper"
"english","pork sausage unsalted butter all purpose flour whole milk black peppercorn kosher salt sage red pepper flakes"
"spanish","bread olive oil smoked paprika red chile olive oil red bell pepper heavy cream kosher salt bacon onion garlic kosher salt egg parsley"
"american","pork sausage kosher salt water grits cheddar black peppercorn egg garlic thyme whole milk"
"ancient","all purpose flour granulated sugar kosher salt baking soda double-acting baking powder whole wheat flour egg unsalted butter buttermilk"
"french","onion unsalted butter white wine black peppercorn garlic thyme water bay leaf lemon zest parmesan rind"
"french","granulated sugar lime juice powdered gelatin egg white citric acid CO2 Cartridge"
"french","parchment paper black peppercorn kosher salt olive oil cremini mushroom shiitake mushroom thyme chive savory"
"french","kosher salt honey yeast bread flour milk unsalted butter plastic wrap parchment paper egg water"
"french","black peppercorn kosher salt chicken olive oil garlic thyme olive oil"
"american","extra virgin olive oil kosher salt cauliflower garlic red pepper flakes canned tomatoes kosher salt water penne parmesan cheddar bread crumbs parsley"
"french","sunchoke water milk garlic heavy cream kosher salt nutmeg white peppercorn gruyere"
"french","extra virgin olive oil lemon juice radish watercress radicchio kosher salt"
"greek","chicken stock chicken breast rice egg lemon juice kosher salt dill"
"french","water granulated sugar water granulated sugar water heavy cream milk egg yolk egg kosher salt vanilla extract"
"italian","extra virgin olive oil unsalted butter celery garlic yellow onion tomato paste tomato puree black peppercorn granulated sugar kosher salt parmesan bay leaf oregano fennel seed basil"
"greek","beet extra virgin olive oil garlic kosher salt lemon juice thyme black peppercorn lemon juice mint goat cheese lemon zest"
"ancient","ribeye steak black peppercorn vegetable oil kosher salt"
"french","cognac gorgonzola unsalted butter"
"french","kosher salt red potato russet potato garlic heavy cream buttermilk kosher salt"
"ancient","unsalted butter egg black peppercorn kosher salt"
"french","black peppercorn egg kosher salt whole milk unsalted butter"
"french","black peppercorn garlic kosher salt dijon mustard red wine vinegar extra virgin olive oil"
"american","granulated sugar seltzer key lime preserves kosher salt lemon juice lime juice lime zest seltzer lemon zest"
"english","all purpose flour granulated sugar kosher salt baking soda double-acting baking powder unsalted butter shortening half and half granulated sugar unsalted butter whipped cream strawberry"
"french","unsalted butter all purpose flour"
"french","all purpose flour black peppercorn kosher salt sole vegetable oil unsalted butter unsalted butter capers lemon juice parsley"
"french","parchment paper squid orange parsley thyme lemon fennel bulb egg white kosher salt water extra virgin olive oil sea salt"
"middle eastern","unsalted butter kosher salt yellow onion red bell pepper rice saffron water kosher salt orange zest bay leaf chicken broth pea pistachio golden raisin"
"american","unsalted butter bittersweet chocolate vanilla extract all purpose flour granulated sugar kosher salt cocoa powder egg unsalted butter cocoa powder vanilla ice cream espresso powder"
"french","kosher salt unsalted butter dark rum bittersweet chocolate black coffee heavy cream powdered gelatin heavy cream"
"american","all purpose flour granulated sugar kosher salt double-acting baking powder unsalted butter water parchment paper"
"ancient","turkey allspice black peppercorn kosher salt brown sugar vegetable stock candied ginger water onion water cinnamon stick red delicious apple sage rosemary vegetable oil"
"ancient","dried apricot dried cranberry orange zest dried cherries dried blueberry dark rum candied ginger golden raisin lemon zest dried currant allspice clove cinnamon stick granulated sugar unsalted butter apple cider ground ginger all purpose flour kosher salt baking soda double-acting baking powder egg pecan brandy cheesecloth"
"ancient","dijon mustard bread black peppercorn gouda bread unsalted butter"
"ancient","red bell pepper black peppercorn kosher salt mayonnaise red pepper flakes cream cheese cheddar"
"american","gala apple golden delicious apple apple cider vinegar black peppercorn celery kosher salt mint onion walnut golden raisin curry powder mayonnaise romaine lettuce"
"american","granulated sugar kosher salt water ice cube shrimp black peppercorn granulated sugar kosher salt horseradish sauce canned tomatoes chili sauce olive oil old bay"
"french","ground cinnamon cognac unsalted butter apple cider honey golden delicious apple fuji apple"
"french","garlic thyme rosemary olive oil cremini mushroom unsalted butter shiitake mushroom shallot cognac black peppercorn heavy cream parmesan tarragon chive bread crumbs bread crumbs"
"french","all purpose flour granulated sugar kosher salt cornmeal unsalted butter unsalted butter unsalted butter apple cider unsalted butter anjou pear pear brandy ground cinnamon nutmeg unsalted butter granulated sugar all purpose flour blueberry parchment paper pound cake unsalted butter egg water granulated sugar"
"ancient","water coffee bean"
"american","beef sirloin beef chuck kosher salt ciabatta"
"ancient","black peppercorn thyme cayenne pepper crouton chile powder carrot garlic onion red bell pepper beef sirloin beef chuck egg kosher salt parchment paper cumin seed ketchup worcestershire sauce hot sauce honey"
"ancient","heavy cream whole milk egg yolk granulated sugar hazelnut oil vanilla extract"
"french","graham cracker granulated sugar kosher salt unsalted butter water powdered gelatin egg yolk egg granulated sugar kosher salt cornstarch heavy cream lemon juice lemon zest cream cheese egg white granulated sugar"
"french","extra virgin olive oil mushroom black peppercorn celery kosher salt shallot all purpose flour nutmeg unsalted butter tarragon chicken broth whole milk crouton all purpose flour egg vegetable oil dijon mustard"
"african","kosher salt onion unsalted butter black peppercorn ground cinnamon cumin seed cayenne pepper coriander seed ground ginger garlic tomato paste water chicken broth red lentils lemon juice mint unsalted butter smoked paprika cilantro"
"indian","spinach mustard greens unsalted butter ground cinnamon cumin seed coriander seed green cardamom paprika kosher salt yellow onion garlic jalapeno ginger canned tomatoes water cashew buttermilk cilantro paneer"
"ancient","chicken broth dried shiitake mushroom sourdough bread black peppercorn kosher salt parmesan parsley powdered gelatin anchovy egg garlic ground turkey canned tomatoes anchovy garlic red pepper flakes oregano extra virgin olive oil tomato paste parmesan scallion"
"mexican","black peppercorn kosher salt chicken thigh vegetable oil vegetable oil yellow onion ground cinnamon cumin seed garlic brown sugar chipotle chile canned tomatoes chicken broth adobo lime juice lime zest lime avocado cilantro corn tortilla scallion cotija cheese"
"african","water red lentils red onion olive oil cumin seed garlic kosher salt cilantro swiss chard garlic kosher salt coriander seed unsalted butter lemon juice lemon sourdough bread"
"english","russet potato all purpose flour kosher salt cayenne pepper double-acting baking powder old bay beer safflower oil cornstarch cod kosher salt malt vinegar"
"vietnamese","onion ginger water beef chuck beef shin oxtail beef brisket clove granulated sugar kosher salt water coriander seed cinnamon stick fish sauce anise fennel seed lime mint cilantro scallion jalapeno flank steak narrow rice noodles thai basil mung bean sprout sriracha sauce hoisin sauce"
"american","mango black peppercorn extra virgin olive oil kosher salt lemon juice shallot goat cheese radish arugula"
"american","black peppercorn vegetable oil kosher salt light brown sugar onion powder thyme cayenne pepper chile powder old bay jalapeno shake baby back ribs garlic white wine worcestershire sauce honey white wine vinegar"
"mexican","vegetable oil onion shrimp garlic kosher salt unsalted butter jalapeno cilantro corn tortilla"
"italian","all purpose flour ground cinnamon kosher salt unsalted butter water granulated sugar kosher salt cornstarch egg yolk egg whole milk ground cinnamon vanilla extract lemon zest ricotta egg white shortening"
"japanese","chicken back pigs foot vegetable oil garlic onion ginger scallion leek mushroom pork fatback cheesecloth"
"middle eastern","extra virgin olive oil onion red bell pepper garlic cumin seed cayenne pepper paprika black peppercorn kosher salt canned tomatoes feta egg cilantro hot sauce"
"french","half and half celery root garlic thyme spice bag unsalted butter kosher salt chive"
"american","granulated sugar water mint bourbon ice cube mint"
"american","unsalted butter egg yolk water black peppercorn kosher salt lemon juice cayenne pepper kosher salt water white wine vinegar egg english muffin canadian bacon unsalted butter black peppercorn chive"
"american","chipotle chile water olive oil carrot garlic onion red wine jalapeno vegetable stock bay leaf oregano black beans kosher salt lime juice red onion red wine vinegar avocado cilantro sour cream"
"mexican","olive oil onion red bell pepper black peppercorn cumin seed garlic kosher salt tomato paste bay leaf oregano white wine ground beef worcestershire sauce canned tomatoes yukon gold potato golden raisin green olive capers"
"ancient","rolled oats banana greek yogurt milk chia seed raspberry"
"ancient","sliced almond sweetened shredded coconut chia seed almond milk granulated sugar"
"american","persian cucumber granulated sugar powdered gelatin egg white citric acid CO2 Cartridge"
"filipino","black peppercorn garlic water soy sauce bay leaf cane vinegar pork chop natural lump charcoal"
"filipino","vegetable oil garlic vegetable oil onion garlic ginger chicken thigh black peppercorn fish sauce jasmine rice chicken stock lime juice egg lime scallion"
"ancient","granulated sugar kosher salt lemon juice onion radish"
"ancient","black peppercorn extra virgin olive oil kosher salt asparagus"
"american","worcestershire sauce celery salt vodka ice cube beef broth lime"
"ancient","extra virgin olive oil garlic kosher salt lime juice cilantro jalapeno skirt steak natural lump charcoal corn tortilla grape tomatoes arugula"
"american","watermelon kosher salt shallot olive oil sherry vinegar olive oil mint feta kalamata olive"
"mexican","granulated sugar water cilantro cucumber lime juice blanco tequila cointreau ice cube orange juice"
"american","egg white lemon juice orange bitters whiskey maple syrup orange juice ice cube orange zest"
"mexican","lime celery salt kosher salt lime juice worcestershire sauce hot sauce ice cube beer"
"american","pomegranate juice powdered gelatin granulated sugar pomegranate juice pomegranate seed"
"italian","powdered gelatin whole milk heavy cream vanilla bean granulated sugar kosher salt water ice cube water"
"american","black peppercorn garlic cayenne pepper oregano paprika egg kosher salt buttermilk chicken all purpose flour kosher salt double-acting baking powder cornstarch shortening"
"american","buttermilk sour cream all purpose flour kosher salt baking soda double-acting baking powder unsalted butter unsalted butter"
"ancient","kosher salt sea scallop vegetable oil"
"ancient","lemon granulated sugar water"
"french","all purpose flour egg granulated sugar unsalted butter vanilla extract water whole milk"
"french","all purpose flour egg kosher salt unsalted butter water tarragon whole milk"
"french","kosher salt dried elbow macaroni evaporated milk cheddar black peppercorn smoked paprika"
"russian","chicken stock powdered gelatin kosher salt water black peppercorn kosher salt paprika beef tenderloin vegetable oil vegetable oil cremini mushroom unsalted butter pearl onion thyme shallot paprika worcestershire sauce soy sauce fish sauce dijon mustard white wine sour cream unsalted butter egg noodles parsley sour cream"
"greek","red onion red wine vinegar extra virgin olive oil cucumber grape tomatoes kalamata olive oregano feta"
"italian","kosher salt dried cannellini beans carrot celery garlic kosher salt parsley bay leaf rosemary yellow onion extra virgin olive oil pancetta carrot celery kosher salt rosemary yellow onion garlic tomato parmesan rind dried elbow macaroni zucchini summer squash green beans spinach parsley basil"
"italian","unsalted butter parmigiano reggiano kosher salt water fresh pasta"
"american","all purpose flour granulated sugar kosher salt baking soda double-acting baking powder unsalted butter buttermilk parchment paper unsalted butter"
"american","lime vodka ice cube ginger beer"
"serbian","egg yolk granulated sugar black coffee"
"english","gin tonic water ice cube lime"
"portugal","unsalted butter black peppercorn extra virgin olive oil garlic kosher salt yellow onion chicken stock russet potato yukon gold potato kale chive lingui%E7a"
"american","black peppercorn egg kosher salt worcestershire sauce hot sauce mayonnaise dijon mustard bread crumbs lump blue crab meat lump blue crab meat parchment paper vegetable oil unsalted butter lemon"
"middle eastern","black peppercorn ground cinnamon cumin seed garlic kosher salt lemon juice red pepper flakes turmeric powder olive oil paprika chicken thigh olive oil red onion parsley kalamata olive pita bread tzatziki sauce"
"middle eastern","persian cucumber garlic lemon juice dill greek yogurt"
"ancient","unsalted butter sandwich bread unsalted butter egg kosher salt chive"
"mexican","cilantro jalapeno cheddar chicken breast flour tortilla vegetable oil"
"mexican","vegetable oil kosher salt spinach chipotle chile black beans swiss cheese flour tortilla vegetable oil"
"mexican","vegetable oil kosher salt zucchini corn jalapeno cilantro monterey jack cheese flour tortilla vegetable oil"
"german","kosher salt water yukon gold potato white wine vinegar chicken stock extra virgin olive oil sugar red onion dijon mustard chive white wine vinegar"
"ancient","water kosher salt baking soda russet potato black peppercorn garlic rosemary duck fat"
"italian","extra virgin olive oil kosher salt water rapid rise yeast bread flour extra virgin olive oil extra virgin olive oil garlic red pepper flakes oregano canned tomatoes granulated sugar pecorino romano mozzarella pepperoni pecorino romano"
"ancient","black peppercorn kosher salt lemon tarragon chicken breast celery garlic lemon juice parsley mayonnaise tarragon red onion dijon mustard chive lemon zest"
"ancient","lemon granulated sugar cheesecloth"
"ancient","water egg"
"ancient","water egg"
"ancient","granulated sugar kosher salt egg yolk"
"american","water dried spaghetti olive oil garlic shallot tomato paste sardines parmesan basil"
"american","granulated sugar kosher salt water cocoa powder ice cube seltzer acid phosphate"
"english","granulated sugar water ginger water earl grey tea bag lemon juice mint vodka lemon ice cube"
"indian","garlic kosher salt lemon juice serrano chile ginger vegetable oil cumin seed mustard seed onion baking soda black peppercorn coriander seed turmeric powder garam masala canned tomatoes cilantro chickpea lemon juice cilantro garam masala"
"american","kosher salt water kidney beans lard andouille celery kosher salt onion green bell pepper garlic black peppercorn sage cayenne pepper thyme bay leaf ham hock pickled pork hot sauce cooked white rice"
"italian","black peppercorn extra virgin olive oil kosher salt dried spaghetti unsalted butter pecorino romano black peppercorn"
"american","anchovy chicken stock worcestershire sauce soy sauce powdered gelatin tomato paste vegetable oil beef chuck cremini mushroom carrot pearl onion carrot celery garlic yellow onion sherry all purpose flour thyme bay leaf yukon gold potato english pea"
"middle eastern","basmati rice kosher salt water kosher salt water vegetable oil vegetable oil cumin seed kosher salt greek yogurt cumin seed unsalted butter water parsley"
"italian","campari grapefruit hefeweizen"
"english","granulated sugar white wine vinegar rhubarb cheesecloth"
"ancient","all purpose flour granulated sugar kosher salt unsalted butter all purpose flour water"
"english","granulated sugar cornstarch rhubarb pie dough egg kosher salt granulated sugar"
"italian","granulated sugar kosher salt cornstarch whole milk heavy cream whole milk"
"american","granulated sugar freeze dried bananas heavy cream"
"ancient","egg vanilla extract banana greek yogurt all purpose flour ground cinnamon clove granulated sugar kosher salt nutmeg baking soda double-acting baking powder oat flour coconut oil pecan"
"english","all purpose flour granulated sugar kosher salt double-acting baking powder coconut oil blueberry lemon zest coconut milk parchment paper granulated sugar"
"english","all purpose flour granulated sugar kosher salt double-acting baking powder unsalted butter milk chocolate heavy cream whole milk granulated sugar parchment paper"
"american","gin ice cube grapefruit juice kosher salt"
"ancient","red bell pepper"
"american","granulated sugar kosher salt graham cracker unsalted butter egg yolk sweetened condensed milk key lime juice key lime zest heavy cream superfine sugar mascarpone"
"ancient","parchment paper egg vanilla extract banana greek yogurt all purpose flour ground cinnamon clove granulated sugar kosher salt nutmeg baking soda double-acting baking powder oat flour coconut oil pecan"
"french","extra virgin olive oil kosher salt leek fennel bulb all purpose flour chicken stock tarragon asparagus lemon juice extra virgin olive oil tarragon creme fraiche"
"english","gin granulated sugar lemon seltzer"
"south american","lemon juice cilantro red onion jalapeno sea bass"
"french","unsalted butter sunchoke leek yellow onion garlic sage chicken stock bay leaf kosher salt white peppercorn white wine vinegar"
"ancient","brussels sprout extra virgin olive oil black peppercorn garlic kosher salt"
"french","water ice cube pernod"
"english","gin lime juice simple syrup ice cube persian cucumber"
"american","seltzer prosecco aperol lime"
"ancient","black peppercorn cumin seed kosher salt lamb shank coriander seed smoked paprika fennel seed extra virgin olive oil carrot celery extra virgin olive oil garlic yellow onion anchovy tomato paste white wine chicken stock bay leaf rosemary parchment paper"
"mexican","lime juice tequila grapefruit soda lime"
"ancient","black peppercorn carrot extra virgin olive oil kosher salt dill"
"english","lime juice vodka simple syrup ice cube lime"
"american","ground cinnamon kosher salt light brown sugar unsalted butter rolled oats whole wheat flour chinese fivespice anise seed kosher salt sugar rhubarb elderflower liqueur tapioca flour baking soda strawberry rhubarb"
"american","vodka orange juice galliano"
"american","angostura bitters cognac sweet vermouth rye whiskey peychauds bitters benedictine"
"american","granulated sugar vanilla extract whole milk dark rum brandy"
"american","gin lemon juice light rum orgeat brandy orange juice sherry"
"american","cardamom pod bourbon N2O Cartridges lemon juice simple syrup bourbon apple brandy seltzer lemon twist"
"american","cognac navel orange pineapple ice cube prosecco"
"american","angostura bitters pomegranate molasses applejack orange juice cranberry sauce punt e mes apple schnapps"
"american","angostura bitters egg heavy cream simple syrup"
"american","cognac gin lemon juice grapefruit juice saint germain"
"american","cognac cointreau green chartreuse creme de cacao lemon twist"
"american","egg applejack maple syrup benedictine nutmeg"
"south american","egg white lime juice simple syrup pisco angostura bitters"
"american","lemon juice light rum ice cube orgeat brandy orange juice"
"american","lemon juice curacao benedictine apple brandy"
"american","rye whiskey applejack green chartreuse maraschino cherry"
"american","angostura bitters cognac orgeat lemon twist"
"english","bourbon seltzer"
"american","angostura bitters lemon juice rye whiskey ginger liqueur brewed black tea lemon twist"
"american","apple cider heavy cream maple syrup ground cinnamon vanilla ice cream bourbon maple syrup ground ginger pumpkin puree"
"japanese","cointreau bourbon grapefruit juice"
"american","angostura bitters rye whiskey sherry grand marnier"
"american","water orange marmalade water water sherry cranberry juice becherovka scotch angostura bitters kosher salt lemon juice lemon orange juice"
"american","cynar sweet vermouth maraschino liqueur bourbon orange twist"
"english","lime sugar bourbon dark rum mint"
"american","black peppercorn cardamom pod clove cumin seed mustard seed coriander seed cinnamon stick ancho chile bay leaf apple cider turbinado sugar simple syrup bourbon scotch"
"american","bourbon punt e mes"
"american","rye whiskey chicory demerara sugar black coffee egg white lemon juice whiskey rye whiskey simple syrup orange juice nutmeg seltzer"
"american","egg white lemon juice rye whiskey grenadine grand marnier absinthe"
"american","angostura bitters lemon juice simple syrup bourbon creme de cassis"
"mexican","mezcal tonic water grapefruit juice angostura bitters"
"american","lime juice maraschino liqueur green chartreuse cava"
"american","cognac gin lemon juice simple syrup cherry orange seltzer"
"american","angostura bitters cointreau peychauds bitters bourbon orange twist champagne"
"american","gin aperol lillet blanc grapefruit twist"
"american","egg white gin granulated sugar heavy cream lemon juice lime juice orange blossom water seltzer"
"american","orange bitters tequila averna chocolate liqueur dark chocolate"
"american","angostura bitters orange bitters simple syrup benedictine scotch"
"american","unsalted butter water turbinado sugar bourbon angostura bitters"
"american","egg white lemon juice rye whiskey maple syrup angostura bitters"
"american","cointreau bourbon fernet orange twist cinnamon stick"
"american","gin orange bitters sherry"
"american","mint simple syrup N2O Cartridges cherry lime juice gin maraschino liqueur simple syrup punt e mes mint seltzer"
"american","angostura bitters sweet vermouth applejack yellow chartreuse aquavit lemon twist"
"american","campari sweet vermouth orange juice prosecco"
"american","mint bourbon creme de cacao crushed ice"
"american","granulated sugar sage lemon gin grapefruit juice grapefruit twist"
"american","gin lemon juice maraschino liqueur apricot liqueur"
"american","gin lemon juice maraschino liqueur creme de violette"
"american","clove granulated sugar water cinnamon stick anise angostura bitters lemon juice simple syrup calvados lemon twist"
"french","angostura bitters cognac lemon juice simple syrup green chartreuse"
"american","lemon juice maple syrup orange juice apple brandy"
"ancient","cognac lemon juice simple syrup lemon ice cube"
"ancient","garlic thyme unsalted butter olive oil black peppercorn kosher salt green beans water lemon juice parsley"
"american","cognac lemon juice light rum cointreau"
"american","cognac lemon juice grand marnier port"
"japanese","granulated sugar water soy sauce sake mirin water egg"
"japanese","pork belly twine garlic granulated sugar water soy sauce shallot scallion ginger sake mirin"
"japanese","sushi rice water granulated sugar kosher salt kombu rice wine vinegar"
"japanese","nori prepared sushi rice cucumber tuna soy sauce pickled ginger wasabi paste"
"american","angostura bitters lime juice light rum cointreau pernod ice cube dark rum falernum"
"japanese","heavy cream whole milk green tea leaves matcha powder egg yolk granulated sugar"
"ancient","vanilla bean whole milk granulated sugar cornstarch egg vanilla extract unsalted butter cream cheese lemon juice"
"ancient","pecan carrot unsalted butter ground cinnamon clove egg granulated sugar kosher salt light brown sugar nutmeg vanilla extract baking soda double-acting baking powder ground ginger all purpose flour whole wheat flour buttercream frosting"
"italian","00 flour egg yolk egg kosher salt kosher salt water"
"american","orange juice powdered agar orange juice water ice cube"
"american","lime juice reposado tequila simple syrup dark rum creme de cassis"
"ancient","allspice cardamom pod coriander seed cinnamon stick anise mace red wine orange maple syrup brandy"
"ancient","bread unsalted butter pork sausage celery garlic onion sage chicken stock chicken stock egg parsley"
"ancient","duck honey ginger"
"american","sweet potato aluminum foil unsalted butter sage thyme buttermilk ginger marshmallow"
"african","carrot extra virgin olive oil butternut squash unsalted butter garlic onion chicken stock ground cinnamon nutmeg thyme bay leaf"
"mexican","jalapeno poblano pepper unsalted butter yellow onion cumin seed garlic coriander seed all purpose flour chicken stock black peppercorn cilantro hot sauce sour cream"
"italian","unsalted butter bittersweet chocolate vanilla extract egg white granulated sugar egg yolk granulated sugar kosher salt cocoa powder almond flour icing sugar"
"ancient","cauliflower extra virgin olive oil kosher salt parsley lemon"
"french","extra virgin olive oil kosher salt rosemary beet black peppercorn vegetable oil kosher salt honey shallot dijon mustard red wine vinegar arugula walnut goat cheese"
"mexican","mezcal ice cube cucumber jalapeno agave basil"
"american","mint rum ice cube maple syrup ginger"
"american","gin lime juice green chartreuse gran classico"
"american","simple syrup lemon zest whipped cream black coffee fernet branca"
"american","angostura bitters lime simple syrup sparkling wine aged rum orange curacao"
"american","sweet vermouth rye whiskey amaro lemon twist bitters"
"american","lemon juice nutmeg simple syrup madeira wine"
"american","campari orange twist rye whiskey peychauds bitters curacao amaro"
"italian","campari sweet vermouth lemon twist apple brandy"
"american","cynar whiskey vermouth grapefruit twist"
"american","lime juice orange sweet vermouth seltzer dark rum"
"mexican","kosher salt lime juice sugar chile powder pineapple juice cucumber juice"
"mexican","kosher salt lime honey red grapefruit chile powder"
"mexican","lime juice sugar pomegranate juice orange juice chile powder"
"american","kosher salt worcestershire sauce lemon cilantro coriander seed jalapeno white onion clamato"
"american","orange twist sweet vermouth rye whiskey barolo chinato"
"american","vodka lemon orange marmalade honey syrup"
"american","lemon bourbon honey syrup"
"american","cognac orange bitters sweet vermouth old tom gin"
"american","bourbon amaretto"
"american","angostura bitters lime lime juice sweet vermouth whiskey curacao"
"american","lime lime juice vodka triple sec cherry juice"
"american","lemon juice blanco tequila amaro fig jam"
"american","sweet vermouth bourbon carrot juice balsamic vinegar beet juice"
"american","gin peychauds bitters anise barolo chinato"
"american","angostura bitters scotch drambuie"
"american","gin pomegranate juice apple brandy ginger liqueur"
"american","sweet vermouth bourbon fernet branca"
"american","gin lime juice green chartreuse"
"american","lemon juice lemon blanco tequila agave basil fresh pasta grapefruit juice aperol"
"american","lemon juice dry vermouth marjoram cocchi americano celery juice"
"american","angostura bitters gin orange sweet vermouth dry vermouth orange juice"
"american","angostura bitters lime juice simple syrup genever"
"mexican","campari seltzer tequila tangerine tangerine juice"
"italian","superfine sugar water lemon peach aperol sparkling wine"
"american","cynar grapefruit juice sparkling wine"
"american","lime juice vodka cointreau sparkling wine cranberry sorbet"
"american","lemon juice rye whiskey simple syrup amaro apple cider"
"american","gin lemon juice lime juice mint simple syrup club soda"
"american","lemon juice bitters calvados white vermouth"
"american","lime juice blanco tequila simple syrup green chartreuse cucumber vermouth"
"american","gin orange bitters maraschino liqueur averna"
"american","gin elderflower liqueur bornholmer bitter"
"american","gin lime juice simple syrup bitters elderflower liqueur"
"american","lemon juice bourbon aperol amaro nonino"
"american","campari lime juice simple syrup rum pineapple juice"
"american","grapefruit grapefruit juice ginger liqueur sparkling wine"
"american","angostura bitters lime juice ice cube tequila blood orange juice"
"american","lime juice orange bitters sweet vermouth blanco tequila ice cube aperol"
"american","angostura bitters lime lime juice ice cube dark rum ginger beer the kings ginger"
"american","vodka orange juice grapefruit juice lillet blanc"
"american","orange bitters orange cointreau ice cube genever tangerine juice"
"american","angostura bitters lemon juice lemon rum calvados falernum"
"american","rye whiskey ice cube bitters creme de cacao"
"american","gin lime juice orange bitters orange ice cube yellow chartreuse orange juice grapefruit juice aperol sparkling wine"
"american","orange water lemon cinnamon stick scotch honey syrup"
"american","lemon juice pear tequila bitters pear brandy"
"mexican","lime lime juice mezcal reposado tequila ice cube punt e mes falernum"
"american","angostura bitters gin ice cube maple syrup red wine apple juice apple brandy"
"american","gin lemon juice sweet vermouth simple syrup applejack"
"american","ice cube apricot ginger beer key lime juice aged rum"
"american","agave+nectar lime juice ice cube bitters grapefruit juice aged rum"
"american","reposado tequila ice cube grapefruit juice aperol"
"american","lime juice rum ginger beer"
"american","lemon juice lemon blanco tequila hot sauce ice cube salt grapefruit soda clamato"
"american","orange bitters whiskey dry vermouth ruby port"
"american","gin dry vermouth absinthe"
"american","sweet vermouth lemon dry vermouth"
"american","rum hard cider"
"american","angostura bitters sweet vermouth lemon maraschino liqueur simple syrup"
"american","orange bitters sweet vermouth dry vermouth brandy lemon zest grand marnier absinthe"
"american","orange zest honey almond extract dark rum butter"
"american","orange reposado tequila bitters aperol"
"american","gin orange bitters whiskey bitters absinthe"
"american","aged rum ginger ale"
"american","lemon juice pineapple pisco"
"american","campari fernet branca"
"american","mezcal whiskey peychauds bitters apple juice benedictine"
"american","simple syrup rose creme de cassis sparkling wine mixed berries"
"american","angostura bitters lime juice orange simple syrup rum brandy rosemary orange juice cardamom"
"american","lime lime juice sweet vermouth whiskey orange curacao"
"american","angostura bitters lime juice simple syrup bourbon bitters"
"american","lime juice cointreau simple syrup rum apricot liqueur"
"american","gin lemon juice simple syrup bitters"
"american","angostura bitters lime juice simple syrup rum"
"american","gin lemon juice cointreau orange juice"
"mexican","blanco tequila strawberry"
"american","gin dubonnet"
"american","orange bitters old tom gin port"
"american","angostura bitters gin lime juice maple syrup orange juice pineapple juice"
"american","angostura bitters vodka benedictine"
"american","angostura bitters rum honey"
"american","angostura bitters gin lemon juice sweet vermouth dry vermouth curacao"
"american","gin champagne orange juice cherry heering"
"american","allspice sweet vermouth bitters apple brandy pear brandy"
"american","maraschino liqueur light rum grenadine pineapple juice"
"american","gin lemon juice bitters apricot liqueur lillet blonde"
"american","vodka cointreau green chartreuse"
"american","campari gin dry vermouth cointreau"
"american","gin orange bitters yellow chartreuse"
"american","angostura bitters gin lime juice orange bitters curacao"
"american","gin sweet vermouth aperol"
"american","green chartreuse averna falernum aged rum"
"american","campari orange bitters sweet vermouth tequila"
"american","gin sweet vermouth fernet branca"
"american","lemon juice rye whiskey benedictine"
"american","allspice lime juice simple syrup rum"
"american","sugar water whiskey"
"american","gin lemon juice honey syrup"
"american","angostura bitters rye whiskey punt e mes apricot brandy"
"american","gin dry vermouth cointreau apricot brandy"
"american","lemon juice rye whiskey grenadine orange juice"
"american","gin orange bitters sweet vermouth dry vermouth orange juice grand marnier"
"american","angostura bitters lime juice mint simple syrup rum"
"american","lime juice pomegranate orgeat apple brandy"
"american","lime white rum cane syrup"
"american","sweet vermouth rye whiskey absinthe cherry heering"
"american","coconut water amber rum"
"italian","campari orange sweet vermouth club soda"
"american","gin sweet vermouth dry vermouth orange juice"
"american","dry vermouth rye whiskey pineapple juice"
"american","orange bitters sweet vermouth whiskey"
"american","gin lemon juice sweet vermouth grand marnier"
"american","maraschino liqueur rye whiskey punt e mes"
"american","gin grenadine orange juice absinthe"
"american","dry vermouth rye whiskey cointreau peychauds bitters"
"american","gin dry vermouth green chartreuse limoncello"
"american","lemon juice bourbon orgeat orange juice"
"american","brandy creme de menthe"
"american","lemon juice whiskey orgeat scotch"
"american","gin lime juice maraschino liqueur green chartreuse"
"american","sweet vermouth dry vermouth brandy apple brandy"
"american","orange bitters sweet vermouth applejack"
"american","campari gin lemon juice cointreau"
"italian","lemon juice tonic water lemon amaro bitters scotch"
"american","mezcal yellow chartreuse vermouth grapefruit bitters"
"american","angostura bitters gin lemon juice simple syrup orange juice pineapple apricot liqueur"
"french","campari orange sweet vermouth rye whiskey apple cider"
"american","gin lemon dry vermouth absinthe creme de violette"
"american","lemon juice lemon rye whiskey grenadine brandy white rum"
"american","lemon juice simple syrup pisco cocchi americano"
"american","cynar kosher salt lemon juice orange bitters punt e mes"
"american","lemon juice superfine sugar vodka lemon"
"american","lemon juice rye whiskey simple syrup cucumber pimms"
"american","orange whiskey port pimms pistachio liqueur"
"american","angostura bitters cynar rye whiskey simple syrup"
"american","angostura bitters orange bitters orange rye whiskey scotch averna gran classico"
"american","orange sweet vermouth dry vermouth absinthe"
"american","orange rye whiskey green chartreuse bitters apple brandy lillet blanc"
"french","lemon peychauds bitters tequila benedictine lillet blanc"
"american","angostura bitters gin lemon juice orange simple syrup aperol"
"american","orange rye whiskey vermouth bitters absinthe"
"american","mezcal orange sweet vermouth amaro bitters"
"american","lemon juice lemon simple syrup rum ice cube brewed black tea"
"american","reposado tequila lemon creme de cacao bonal"
"french","orange bitters orange dry vermouth cointreau dubonnet rouge"
"american","gin lemon vermouth cocchi americano fino sherry"
"american","lemon juice whiskey maraschino cherry simple syrup saint germain"
"mexican","campari lime juice simple syrup grapefruit tequila grapefruit juice"
"american","orange reposado tequila aperol fernet branca dubonnet rouge"
"american","gin lemon juice simple syrup orgeat crushed ice falernum"
"american","reposado tequila lemon yellow chartreuse bitters elderflower liqueur"
"american","lime juice orange vodka cranberry juice triple sec"
"american","lemon cointreau peychauds bitters bourbon"
"american","orange bitters orange whiskey dubonnet rouge"
"american","lemon juice orange maraschino cherry simple syrup rum"
"american","angostura bitters lime juice simple syrup rum pernod cinnamon crushed ice"
"american","orange bitters orange sweet vermouth dry sherry"
"american","angostura bitters orange sweet vermouth whiskey"
"american","campari lemon dry vermouth rye whiskey"
"american","gin orange bitters maraschino liqueur dry vermouth absinthe"
"american","gin lemon juice aperol saint germain"
"american","gin absinthe duvel beer"
"american","orange dry vermouth bitters dry sherry"
"french","campari orange sweet vermouth rye whiskey"
"american","orange dry vermouth grenadine white rum orange curacao"
"american","heavy cream sugar gran classico coffee bourbon creme de cacao averna gran classico"
"american","heavy cream kosher salt dark brown sugar malted milk powder nutmeg simple syrup black coffee spiced rum"
"american","heavy cream kosher salt sugar cocoa powder simple syrup black coffee frangelico"
"american","gin lemon simple syrup radler"
"italian","mint amaro salt white balsamic vinegar lambrusco"
"american","reposado tequila sweet vermouth gran classico orange"
"american","kosher salt lime juice mezcal honey grapefruit juice lime ice cube"
"american","lemon juice vodka simple syrup cucumber elderflower liqueur seltzer cucumber"
"american","water green cardamom ginger sugar sweet vermouth simple syrup orange juice red wine candied ginger club soda"
"french","sugar water lavender gin lemon juice simple syrup sparkling wine"
"american","lemon juice bourbon amaro grapefruit liqueur lemon"
"american","lime juice rum maple syrup scotch lime"
"american","angostura bitters cynar benedictine scotch aged rum absinthe"
"american","anise lemon juice simple syrup bitters apple brandy barolo chinato"
"american","orange sugar lemon angostura bitters water rye whiskey pomegranate juice orange curacao lemon zest"
"american","lime superfine sugar pomegranate juice pomegranate seed sparkling wine cachaca"
"american","lemon juice lime lime juice sugar water lemon simple syrup rosemary water orgeat cinnamon aged rum amber rum"
"american","angostura bitters heavy cream vanilla extract simple syrup granulated sugar kosher salt cocoa powder chocolate chip milk vanilla extract amaro"
"american","apple cider vinegar black peppercorn sugar water cranberry orange bitters simple syrup sparkling wine"
"american","lemon juice sage sugar water lemon sage simple syrup lemon zest sparkling wine suze"
"italian","angostura bitters egg white lemon juice ginger candied ginger amaretto"
"mexican","mint blanco tequila peach pineapple pineapple juice suze"
"american","angostura bitters sweet vermouth simple syrup grand marnier scotch blood orange juice orange maraschino cherry"
"french","kosher salt water dried cannellini beans chicken stock powdered gelatin salt pork duck fat chicken thigh pork sausage carrot celery clove garlic onion parsley bay leaf pork sausage"
"vietnamese","garlic lime juice lime zest cilantro soy sauce fish sauce ginger chicken thigh dark brown sugar grapeseed oil chili paste lime cilantro"
"american","lime juice mint vodka simple syrup strawberry club soda"
"american","lemon juice mezcal lemon twist bitters aperol club soda"
"american","apple cider vinegar granulated sugar pineapple pineapple juice orgeat white rum ale"
"american","granulated sugar grapefruit grapefruit juice kosher salt lime juice thyme simple syrup pisco"
"american","vodka lemon lemongrass egg white lime juice lime zest simple syrup bitters"
"american","cherry lemon juice whiskey simple syrup averna"
"american","orange sugar water ginger simple syrup cranberry cranberry juice white rum cranberry sparkling wine"
"american","lemon juice sweet vermouth brown sugar apple cider lemon zest club soda"
"american","allspice black peppercorn clove cinnamon apple cider lemon juice simple syrup apple brandy hard cider"
"french","rye whiskey peychauds bitters ice cube sugar cube absinthe lemon apple cider"
"american","cynar lime juice ginger beer montenegro amaro lime"
"american","lemon juice lemon gin lemon juice sugar rosemary simple syrup ice cube rosemary sparkling wine"
"american","orange bitters orange simple syrup rum sherry cranberry juice"
"american","lemon elderflower liqueur cava suze"
"american","mint sugar water raspberry simple syrup cocchi americano club soda sparkling wine"
"american","ice cube angostura bitters lime juice mint light rum simple syrup rum pineapple juice"
"american","lemon juice simple syrup grenadine ice cube seltzer old tom gin mint"
"american","mint simple syrup pink grapefruit lillet rose cava"
"american","mezcal sparkling apple cider"
"american","cynar lime juice mint blanco tequila falernum mint ginger beer"
"american","pomegranate molasses green bell pepper strawberry lime juice blanco tequila strawberry"
"american","angostura bitters orange tequila creme de cacao absinthe"
"american","cynar mezcal peychauds bitters fino sherry grapefruit salt"
"american","sugar cranberry juice agave+nectar mezcal simple syrup basil"
"american","ginger ginger juice lemon juice cilantro simple syrup mango reposado tequila cilantro"
"mexican","lime juice mint simple syrup tequila strawberry balsamic simple syrup"
"american","gin lime juice salt grapefruit juice"
"american","campari gin sweet vermouth absinthe orange"
"american","campari sweet vermouth absinthe orange prosecco club soda"
"french","heavy cream green chartreuse galliano brown sugar"
"american","gin lime juice simple syrup seltzer tarragon kiwi tarragon"
"american","mint orange bitters coffee rum evaporated milk sweetened condensed milk mint"
"american","angostura bitters whiskey maraschino liqueur curacao absinthe lemon olive"
"american","gin orange bitters simple syrup brewed chamomile tea"
"american","angostura bitters rye whiskey coffee simple syrup amaro apple brandy whipped cream"
"american","cucumber gin lemon aperol"
"american","egg white gin lemon juice simple syrup rose water peychauds bitters club soda"
"american","agave+nectar angostura bitters mezcal water green chartreuse cinnamon bitters ginger beer lime mint"
"american","orange rye whiskey aperol cocchi americano"
"american","simple syrup bourbon fernet branca orange"
"american","orange dry vermouth benedictine absinthe"
"american","water cinnamon honey cynar lime juice simple syrup rum"
"american","angostura bitters egg simple syrup sherry aged rum cinnamon"
"american","lemon salt vanilla bean maple syrup apple cider dark rum butter"
"american","black peppercorn cherry lemon juice bourbon apple cider ginger liqueur"
"american","apple cider rosemary prosecco benedictine"
"american","campari rum vermouth fernet branca mint"
"american","sage angostura bitters lemon juice bourbon butter"
"american","celery granulated sugar beet horseradish salt apple cider vinegar gin simple syrup seltzer"
"american","lemon juice concord grape simple syrup bourbon amaro concord grape"
"american","lemon juice light rum simple syrup dark rum grapefruit juice apple cider grapefruit twist"
"american","lemon juice ginger liqueur scotch beet juice"
"american","sugar water concord grape angostura bitters lemon juice simple syrup lemon twist sherry scotch"
"american","campari lime juice simple syrup tequila ginger beer grapefruit juice lime"
"american","cherry lemon juice sugar red wine cherry heering lemon seltzer"
"american","rye whiskey basil pineapple kale juice basil pineapple"
"american","angostura bitters lemon juice coffee rum molasses aged rum seltzer"
"american","kosher salt lemon juice water rye whiskey corn syrup lemon zest sugar red wine"
"american","water honey cynar lemon juice white rum"
"american","blanco tequila green chartreuse jalapeno water turbinado sugar lime juice simple syrup salt tequila celery juice"
"american","lime juice blanco tequila triple sec ginger ale pimms"
"american","water honey lemon juice sweet vermouth whiskey lemon simple syrup seltzer"
"american","gin apricot liqueur cocchi americano lemon absinthe"
"american","water honey lemon juice simple syrup bitters scotch cherry heering"
"american","gin lemon juice grapefruit juice elderflower liqueur basil"
"american","sugar water pineapple lime lime juice blanco tequila simple syrup green chartreuse coconut water"
"american","water honey rosemary fennel seed scotch"
"american","sugar vanilla bean water gin lime juice galliano absinthe aquavit"
"american","lemon clove nutmeg orange sugar water cinnamon anise red wine ruby port cinnamon aged rum"
"american","clove orange allspice lemon juice light rum simple syrup dark rum aged rum"
"american","sugar ginger lime lime juice rye whiskey simple syrup"
"american","lemon juice reposado tequila rosemary bitters elderflower liqueur sparkling wine"
"american","sugar water rosemary lemon juice simple syrup rum calvados rosemary ginger beer cava"
"american","water molasses egg white simple syrup rum bitters ginger liqueur cinnamon"
"american","balsamic vinegar lemon juice rye whiskey simple syrup balsamic simple syrup"
"american","lemon juice rye whiskey simple syrup bitters grapefruit juice lillet rouge"
"american","angostura bitters cognac lemon juice sherry apricot liqueur lime"
"american","lime juice simple syrup rum bitters cachaca nutmeg"
"american","clove sugar water lemon cinnamon ground cinnamon brown sugar butter water simple syrup rum"
"american","peychauds bitters elderflower liqueur sparkling wine sugar cube"
"american","cardamom pod sugar water lemon juice simple syrup seltzer scotch"
"american","lemon juice mint bourbon maple syrup galliano mint crushed ice"
"american","nutmeg water lime zest cinnamon orange zest anise citric acid ginger lemon zest club soda lavender sugar vanilla extract demerara sugar angostura bitters lemon juice lime juice reposado tequila lemon simple syrup old tom gin triple sec white rum"
"american","orange twist angostura bitters orange bitters maraschino liqueur bourbon"
"american","orange sugar water cranberry vodka"
"american","agave+nectar ginger juice lemon juice simple syrup tequila mezcal"
"american","cherry cynar sweet vermouth rye whiskey"
"american","pear brandy orange bitters sherry scotch walnut liqueur orange"
"american","angostura bitters lime juice maraschino liqueur simple syrup aged rum lime"
"american","orange twist angostura bitters orange bitters sweet vermouth bourbon aged rum"
"american","campari lemon juice orange aged rum blood orange juice seltzer"
"american","cynar lime juice rum ginger juice peychauds bitters club soda"
"american","lemon juice mezcal orange bitters blanco tequila bitters falernum pear brandy"
"american","mint sugar mint applejack honey liqueur"
"american","lemon juice bourbon curacao lillet blanc mint"
"american","water cinnamon orange zest honey vodka"
"american","simple syrup strawberry campari gin lime juice simple syrup ice cube basil"
"american","lime juice reposado tequila vinegar pink grapefruit grapefruit"
"american","lime lime juice sugar peach cachaca"
"american","lime juice simple syrup ice cube dark rum coconut milk pineapple pineapple"
"american","sugar water rooibos tea bag cognac lemon juice simple syrup peach lillet blanc mint crushed ice"
"american","sugar water basil lime juice vodka simple syrup seltzer basil"
"american","cynar lime juice nectarine aged rum peach liqueur"
"american","orange lemon simple syrup old tom gin absinthe fino sherry"
"american","sugar water pineapple lemon juice lemon seltzer aged rum"
"american","lemon juice simple syrup raspberry ginger beer white rum"
"american","campari lime juice aged rum seltzer"
"american","lime juice dark rum crushed ice falernum"
"american","angostura bitters lime juice aged rum orange curacao orange ice cube ginger beer"
"american","sugar ginger angostura bitters lime juice mint simple syrup bourbon cucumber candied ginger ginger simple syrup"
"american","egg white gin lemon juice orange blossom water orgeat nutmeg"
"american","all purpose flour ground cinnamon kosher salt baking soda double-acting baking powder vegetable oil egg sugar vanilla extract pumpkin pumpkin seeds"
"american","lime juice simple syrup cucumber gin seltzer"
"american","nutmeg sugar unsalted butter cake flour kosher salt double-acting baking powder ground ginger cake flour egg sugar unsalted butter whole milk blueberry"
"french","campari kosher salt lime juice sugar lime zest watermelon"
"american","nutmeg ground ginger dark brown sugar pumpkin puree unsalted butter kosher salt gingersnap dark brown sugar egg vanilla extract cream cheese"
"american","sugar unsalted butter all purpose flour kosher salt double-acting baking powder egg sugar unsalted butter vanilla extract blueberry whipped cream strawberry"
"american","rolled oats all purpose flour kosher salt baking soda double-acting baking powder granulated sugar unsalted butter egg vanilla extract banana"
"german","all purpose flour egg kosher salt sugar cocoa powder milk unsalted butter chocolate strawberry confectioners sugar"
"german","all purpose flour water salt safflower oil dark rum raisin ground cinnamon granulated sugar sugar lemon apple sugar unsalted butter bread crumbs salt unsalted butter whipped cream confectioners sugar"
"italian","kosher salt water egg garlic kosher salt onion powder parsley red pepper flakes ground veal bread crumbs pecorino romano milk dried spaghetti garlic kosher salt tomato olive oil parsley pecorino romano"
"french","black peppercorn unsalted butter gruyere bread crumbs kosher salt cauliflower all purpose flour black peppercorn kosher salt nutmeg parmesan unsalted butter gruyere milk"
"italian","cauliflower red onion rosemary olive oil all purpose flour black peppercorn egg parmesan double-acting baking powder basil turmeric sesame seed butter"
"italian","olive oil kosher salt water dried spaghetti black peppercorn pecorino romano butter black peppercorn pecorino romano"
"french","all purpose flour granulated sugar unsalted butter salt water"
"italian","black peppercorn garlic kosher salt sugar tomato red wine vinegar parmigiano reggiano basil angel hair pasta"
"russian","all purpose flour egg granulated sugar vanilla extract granny smith apple butter ground cinnamon confectioners sugar"
"american","kosher salt double-acting baking powder chicken wing carrot celery unsalted butter hot sauce"
"american","walnut egg white kosher salt vanilla extract cocoa powder confectioners sugar"
"italian","all purpose flour kosher salt water double-acting baking powder rosemary olive oil sea salt"
"german","all purpose flour black peppercorn egg kosher salt milk unsalted butter tarragon gruyere"
"american","kosher salt light brown sugar unsalted butter maple syrup oat bittersweet chocolate"
"mexican","lemon mint sugar water"
"mexican","kosher salt vegetable oil plantain"
"american","black peppercorn kosher salt unsalted butter yukon gold potato rosemary garlic vegetable stock"
"american","apple cider vinegar ketchup hot sauce molasses fish sauce salt"
"mexican","chicken stock mexican chocolate kosher salt sugar chicken stock tomato tomatillo bread onion garlic almond raisin pumpkin seeds peanut vegetable oil chicken stock black peppercorn clove corn tortilla anise thyme cinnamon bay leaf marjoram ancho chile pasilla chile sesame seed guajillo chile"
"mexican","cotija cheese corn tortilla egg oregano tomato chipotle chile in adobo adobo sauce black peppercorn kosher salt lime juice cilantro soy sauce vegetable oil ancho chile vegetable oil garlic yellow onion"
"mexican","blanched almond rice ground cinnamon granulated sugar vanilla extract water milk"
"american","peach water granulated sugar lemon"
"french","unsalted butter sugar kosher salt vanilla extract water baking soda double-acting baking powder egg milk cake flour"
"chinese","water cornstarch ketchup light brown sugar soy sauce rice wine vinegar pineapple juice"
"chinese","vegetable oil cooked white rice carrot garlic kosher salt onion white peppercorn soy sauce scallion sesame oil egg pea"
"russian","all purpose flour vegetable oil egg water salt onion bacon scallion sour cream black peppercorn russet potato cheddar"
"american","garlic unsalted butter yellow onion chicken stock thyme cauliflower kosher salt"
"middle eastern","eggplant extra virgin olive oil garlic kosher salt lemon juice parsley tahini"
"mexican","garlic cilantro mayonnaise sour cream feta chili powder corn lime"
"mexican","egg kosher salt extra virgin olive oil yukon gold potato yellow onion aioli"
"mexican","black beans garlic onion chipotle chile poblano pepper cashew black peppercorn egg mayonnaise bread crumbs cotija cheese vegetable oil hamburger bun"
"italian","black peppercorn extra virgin olive oil garlic kosher salt unsalted butter shallot spinach egg nutmeg parmigiano reggiano ricotta ricotta unsalted butter whole milk gruyere flour butter mozzarella lasagna noodle gruyere mozzarella"
"american","granulated sugar heavy cream vanilla extract"
"mexican","garlic kosher salt tomato jalapeno white onion lime juice sugar cilantro"
"spanish","kosher salt russet potato vinegar black peppercorn vegetable oil egg yolk extra virgin olive oil garlic lemon juice dijon mustard vegetable oil smoked paprika scallion"
"mexican","vegetable oil garlic coriander seed ground beef jalapeno oregano cumin chili powder white onion chipotle powder chicken stock kosher salt lime juice cilantro canned tomatoes tomato monterey jack cheese sour cream lettuce white onion"
"american","sugar jalapeno salt strawberry lemon juice water ice cube"
"french","black peppercorn egg unsalted butter"
"spanish","carrot corn vegetable stock russet potato pea fava beans black peppercorn cilantro fava beans"
"american","extra virgin olive oil garlic kosher salt water almond sherry vinegar bread extra virgin olive oil mint almond grape"
"italian","celery extra virgin olive oil garlic kosher salt water leek basil zucchini black peppercorn lemon juice"
"american","black peppercorn extra virgin olive oil garlic parsley lemon zest carrot celery chicken stock extra virgin olive oil onion bay leaf leek lentils lemon juice"
"indian","black peppercorn carrot onion red pepper flakes quinoa olive oil red bell pepper curry powder butternut squash lemon juice cilantro vegetable stock kale pita bread"
"american","vegetable stock dried shiitake mushroom extra virgin olive oil garlic onion leek porcini mushroom shiitake mushroom all purpose flour thyme white wine soy sauce bay leaf miso paste vegetable oil shiitake mushroom black peppercorn extra virgin olive oil sandwich bread scallion"
"african","garlic kosher salt cilantro jalapeno ginger vegetable oil scallion coconut milk turmeric vegetable stock sweet potato vegetable oil peanut sugar black peppercorn lime juice hot sauce scallion kale cooked white rice"
"italian","kosher salt sugar whole milk cornstarch heavy cream whole milk chocolate coconut oil"
"italian","kosher salt english pea pea asparagus broccoli fava beans extra virgin olive oil garlic unsalted butter pine nuts lemon juice parsley creme fraiche basil lemon zest pasta black peppercorn parmigiano reggiano"
"american","egg kosher salt lemon juice sugar cornstarch pineapple heavy cream vanilla extract light rum"
"italian","kosher salt tomato extra virgin olive oil sourdough bread black peppercorn garlic shallot dijon mustard white wine vinegar basil"
"french","granulated sugar kosher salt water corn syrup water powdered gelatin vanilla extract cornstarch confectioners sugar"
"italian","black peppercorn extra virgin olive oil basil ciliegine mozzarella grape tomatoes balsamic vinegar"
"japanese","wakame hijiki kosher salt soy sauce honey red pepper flakes scallion yellow onion sesame seed cooked white rice tuna sesame oil"
"american","apple cider vinegar black peppercorn extra virgin olive oil garlic sugar celery seed carrot kosher salt sugar yellow onion cabbage"
"american","carrot kosher salt parsley sugar red onion cabbage apple cider vinegar black peppercorn sugar mayonnaise dijon mustard"
"french","black peppercorn extra virgin olive oil garlic water shallot dijon mustard white wine vinegar"
"greek","black peppercorn extra virgin olive oil red pepper flakes asparagus vegetable stock pea kale farro extra virgin olive oil lemon juice almond scallion dijon mustard feta"
"greek","extra virgin olive oil lemon juice mint arugula lemon zest watermelon black peppercorn feta"
"american","black peppercorn celery egg lemon juice parsley mayonnaise radish scallion"
"mexican","apple cider vinegar chicken stock onion bourbon vegetable oil black peppercorn kosher salt cayenne pepper fennel seed paprika dark brown sugar ground coriander ground cumin pork butt apple cider vinegar ketchup worcestershire sauce hot sauce liquid smoke molasses mustard"
"japanese","dried chinese noodles garlic lime juice water soy sauce honey sesame oil sambal oelek peanut butter cilantro cucumber scallion jalapeno yellow bell pepper mung bean sprout peanut"
"french","garlic ketchup kosher salt onion sugar worcestershire sauce mayonnaise red wine vinegar paprika vegetable oil"
"american","kosher salt persian cucumber red onion english pea pea asparagus broccoli fava beans extra virgin olive oil lemon juice dijon mustard arugula mozzarella pine nuts greek yogurt"
"american","black peppercorn kosher salt lemon juice mayonnaise buttermilk sour cream blue cheese"
"american","watermelon allspice apple cider vinegar kosher salt sugar water red pepper flakes anise ginger"
"american","egg yolk egg sugar unsalted butter buttermilk all purpose flour kosher salt rapid rise yeast all purpose flour kosher salt light brown sugar cinnamon unsalted butter unsalted butter whole milk cream cheese confectioners sugar"
"american","black peppercorn extra virgin olive oil unsalted butter shallot mushroom dry sherry extra virgin olive oil honey sherry vinegar dijon mustard goat cheese kale"
"chinese","black peppercorn garlic kosher salt scallion ginger chicken breast black peppercorn garlic sugar soy sauce sesame seed vinegar sichuan peppercorns chili oil sesame paste"
"middle eastern","bulgur kosher salt plum tomato kosher salt flat leaf parsley black peppercorn ground cinnamon extra virgin olive oil lemon juice mint romaine lettuce coriander seed scallion"
"japanese","kosher salt russet potato kosher salt persian cucumber mayonnaise mustard rice wine vinegar carrot red onion scallion hard boiled egg"
"american","water quinoa kosher salt cucumber grape tomatoes black peppercorn extra virgin olive oil mint shallot red wine vinegar flat leaf parsley"
"american","extra virgin olive oil kale black peppercorn extra virgin olive oil bread anchovy garlic lemon juice worcestershire sauce mayonnaise parmigiano reggiano white onion"
"american","kosher salt english pea pea asparagus broccoli fava beans bread black peppercorn parsley unsalted butter shallot chive extra virgin olive oil lemon juice poached egg"
"american","black peppercorn extra virgin olive oil beet creme fraiche horseradish extra virgin olive oil lemon juice tarragon honey shallot chive pistachio"
"american","kosher salt sugar snap pea black peppercorn extra virgin olive oil mint mayonnaise shallot lemon zest yogurt"
"mexican","extra virgin olive oil garlic lime juice sugar avocado cilantro cayenne pepper corn shallot red bell pepper salt black beans"
"american","apple cider vinegar sugar hot sauce mayonnaise mustard celery seed carrot kosher salt sugar cabbage"
"japanese","wakame soba noodles water ginger rice wine vinegar sesame oil miso paste peanut avocado cilantro sesame seed mung bean sprout kale nori"
"american","cucumber salt red onion black peppercorn vegetable oil extra virgin olive oil mint sugar white wine vinegar"
"american","garlic lemon juice worcestershire sauce hot sauce mayonnaise sour cream dijon mustard milk apple cider vinegar dried elbow macaroni black peppercorn celery shallot scallion"
"american","carrot red onion cabbage apple cider vinegar black peppercorn sugar mayonnaise buttermilk dijon mustard"
"italian","kosher salt cranberry rice apple cider vinegar black peppercorn extra virgin olive oil pecan orange zest honey scallion"
"italian","black peppercorn egg parmigiano reggiano bread crumbs flour cherry tomatoes veal scallopino vegetable oil extra virgin olive oil lemon basil baby arugula"
"french","black peppercorn extra virgin olive oil rosemary beet pistachio extra virgin olive oil lemon juice orange tarragon honey shallot grapefruit ricotta"
"middle eastern","extra virgin olive oil zaatar firm tofu black peppercorn lemon juice honey grapefruit tahini miso paste avocado spinach"
"italian","black peppercorn extra virgin olive oil garlic parsley honey oregano red wine vinegar basil"
"american","rice kosher salt water olive oil basmati rice quinoa extra virgin olive oil kosher salt almond pine nuts black peppercorn onion sunflower oil extra virgin olive oil garlic lemon juice tarragon basil arugula lemon zest flat leaf parsley sour cherry pine nuts"
"italian","black peppercorn extra virgin olive oil sea salt tomato basil mozzarella"
"american","carrot celery kosher salt onion chickpea bay leaf pumpkin seeds black peppercorn carrot extra virgin olive oil garlic dill sherry vinegar"
"japanese","seaweed sugar sesame seed salt rice wine vinegar sesame oil"
"greek","carrot honey red wine vinegar olive oil black peppercorn lemon juice feta"
"mexican","black peppercorn kosher salt cayenne pepper shrimp oregano olive oil extra virgin olive oil lemon juice extra virgin olive oil lime juice avocado shallot basil baby arugula pine nuts cherry tomatoes"
"greek","parsley plum tomato red onion cucumber kalamata olive artichoke orzo black peppercorn extra virgin olive oil kosher salt lemon feta"
"american","broccoli black peppercorn vegetable oil extra virgin olive oil garlic pistachio dijon mustard basil white wine vinegar pistachio parmigiano reggiano radicchio"
"south american","red onion lime cilantro salt mango limo chile"
"american","black peppercorn extra virgin olive oil red onion honey dijon mustard fennel bulb navel orange arugula white wine vinegar"
"japanese","extra virgin olive oil kosher salt avocado serrano chile soy sauce scallion yellow onion sesame seed lemon zest persian cucumber cooked white rice hamachi"
"american","kosher salt olive oil kale red onion sumac sesame seed black peppercorn garlic lemon juice chickpea dijon mustard"
"american","black peppercorn kosher salt honey sherry vinegar shallot olive oil blood orange juice orange pistachio spinach"
"indian","carrot celery kosher salt onion chickpea bay leaf black peppercorn extra virgin olive oil parsley shallot cumin white wine vinegar"
"american","kosher salt lime juice cilantro red onion cabbage"
"italian","extra virgin olive oil pasta black peppercorn garlic grape tomatoes basil ciliegine mozzarella"
"american","carrot dill kosher salt sugar water vinegar black peppercorn cinnamon bay leaf anise greek yogurt ghee dried currant dill"
"american","sugar cointreau strawberry strawberry half and half kosher salt sugar lemon corn syrup"
"american","carrot pecan raisin pineapple sugar greek yogurt salt pineapple juice"
"greek","black peppercorn extra virgin olive oil lemon juice radish scallion dijon mustard red bell pepper green beans parsley"
"american","seltzer lime sugar water lemon citric acid lemongrass cinchona bark"
"greek","black peppercorn red onion red bell pepper green bell pepper cherry tomatoes extra virgin olive oil dijon mustard red wine vinegar basil feta"
"american","beet extra virgin olive oil kosher salt maple syrup balsamic vinegar"
"american","apple cider vinegar lemon apple black peppercorn extra virgin olive oil honey goat cheese sliced almond pomegranate seed baby arugula"
"american","black peppercorn carrot extra virgin olive oil lemon juice parsley walnut honey scallion cranberry orange juice lemon zest salt"
"italian","black peppercorn garlic water red pepper flakes bay leaf salt white wine vinegar artichoke extra virgin olive oil"
"american","yellow onion olive oil vegetable stock quinoa salt kosher salt lime juice avocado cilantro corn tomato scallion jalapeno olive oil"
"american","kosher salt brussels sprout tangerine black peppercorn extra virgin olive oil shallot dijon mustard white wine vinegar hazelnut goat cheese"
"american","carrot celery kosher salt onion chickpea bay leaf poblano pepper extra virgin olive oil garlic lime juice bacon shallot cilantro scallion cotija cheese"
"american","black peppercorn extra virgin olive oil garlic water tarragon shallot dijon mustard white wine vinegar vegetable oil mushroom parmigiano reggiano watercress"
"american","black peppercorn extra virgin olive oil parmesan honey currant kale white balsamic vinegar pine nuts"
"italian","baguette black peppercorn chicken breast olive oil black peppercorn kosher salt red onion cucumber tomato red wine vinegar olive oil basil kalamata olive balsamic vinegar"
"american","all purpose flour kosher salt vanilla bean baking soda double-acting baking powder confectioners sugar egg white unsalted butter vanilla extract buttermilk maple syrup"
"american","cantaloupe kosher salt lime feta balsamic vinegar"
"indian","lime cilantro red onion greek yogurt cilantro garam masala fenugreek leaf amchur lime juice paneer butter canned chickpeas serrano chile ginger water asafoetida black peppercorn sea salt smoked paprika turmeric ground coriander vegetable oil cumin seed potato"
"american","baking soda buttermilk egg sugar unsalted butter xanthan gum salt cornmeal gluten free flour"
"american","kosher salt sugar water chicken egg garlic kosher salt cayenne pepper baking soda double-acting baking powder buttermilk cornstarch paprika cornmeal vegetable oil"
"french","sugar water rye whiskey bitters lemon twist herbsaint"
"american","corn scallion black peppercorn kosher salt red potato bacon"
"italian","garlic red pepper flakes rosemary olive oil garlic kosher salt water chickpea red pepper flakes tomato paste olive oil dried elbow macaroni"
"indian","cilantro golden raisin cinnamon cardamom chicken garlic water bay leaf ginger water almond cayenne pepper coriander seed garam masala salt yogurt vegetable oil onion"
"american","water ancho chile chipotle chile new mexico chile arbol chile canned chickpeas canned whole tomato vegetable oil garlic onion soy sauce oregano cumin"
"american","jalapeno olive oil yellow bell pepper salt white onion orange bell pepper garlic smoked paprika kidney beans white wine vinegar black beans chili powder porter chipotle chile in adobo canned whole tomato ground coriander ground cumin scallion"
"italian","lemon juice parmigiano reggiano garlic lemon zest kosher salt fresh spaghetti unsalted butter"
"mexican","extra virgin olive oil kosher salt parmesan yellow onion basil green bell pepper flour tortilla mozzarella pepperoni pizza sauce italian sausage"
"mexican","extra virgin olive oil kosher salt parmesan basil flour tortilla mozzarella pizza sauce"
"african","extra virgin olive oil pineapple garlic shallot jalapeno rice mushroom stock apple cider vinegar black peppercorn kosher salt peanut"
"italian","parmigiano reggiano kosher salt sage unsalted butter all purpose flour egg yolk all purpose flour russet potato"
"german","lemon vegetable oil chicken breast black peppercorn kosher salt black peppercorn kosher salt bread crumbs all purpose flour vegetable oil egg"
"english","honey raspberry jam butter water vegetable oil all purpose flour double-acting baking powder rapid rise yeast cake flour table salt"
"mexican","kosher salt masa harina vegetable oil water cotija cheese monterey jack cheese vegetable oil"
"mexican","cilantro red onion jalapeno black peppercorn garlic lime juice canned tomatoes table salt"
"mexican","apple cider vinegar kosher salt sugar water carrot onion jalapeno oregano cabbage cilantro"
"french","unsalted butter all purpose flour egg white sugar almond flour table salt dark chocolate"
"french","unsalted butter all purpose flour egg white sugar almond flour table salt raspberry"
"french","all purpose flour pistachio unsalted butter egg white sugar table salt"
"italian","water cornstarch black peppercorn kosher salt ruby port thyme bay leaf powdered gelatin red wine beef stock carrot celery garlic yellow onion tomato paste black peppercorn kosher salt short rib vegetable oil"
"italian","lemon juice unsalted butter lemon chive lemon zest parmesan kosher salt shrimp vegetable oil black peppercorn kosher salt water bay leaf unsalted butter kosher salt onion baking soda fennel bulb garlic arborio rice white wine"
"indian","kosher salt sugar heavy cream unsalted butter kosher salt chicken thigh greek yogurt cilantro water tomato paste black peppercorn garam masala cumin ground coriander unsalted butter garlic onion serrano chile ginger"
"indian","basmati rice clove cumin seed unsalted butter green cardamom kosher salt water cinnamon bay leaf"
"american","black peppercorn shrimp olive oil red bell pepper salt pork sausage asparagus zucchini summer squash cajun seasoning parsley"
"american","lemon champagne lemon juice simple syrup ice cube apple brandy scotch"
"american","gin lemon juice simple syrup ice cube lemon sparkling wine"
"american","lemon juice watercress cherry tomatoes worcestershire sauce hot sauce simple syrup citrus vodka"
"mexican","lime cilantro crema extra virgin olive oil kosher salt lime juice adobo sauce corn tortilla scallion jalapeno extra virgin olive oil kosher salt chipotle chile in adobo ground cumin flank steak"
"mexican","kosher salt lime juice honey mint water watermelon"
"korean","vegetable oil scallion water baking soda black peppercorn garlic onion sugar soy sauce sesame oil ribeye steak garlic sugar water scallion sesame oil gochujang doenjang sugar rice wine vinegar table salt daikon"
"american","hamburger bun water cornstarch tomato paste ketchup worcestershire sauce red wine vinegar onion baking soda garlic kosher salt brown sugar red pepper flakes paprika water baking soda kosher salt ground beef vegetable oil"
"mexican","lime cilantro black peppercorn kosher salt sugar bay leaf ground cinnamon oregano ground cumin ground cloves vegetable oil garlic jalapeno tomatillo pork butt kosher salt water poblano pepper onion"
"italian","half and half sugar water vodka vanilla bean lemon"
"ancient","kosher salt honey hazelnut"
"ancient","kosher salt honey peanut"
"ancient","kosher salt honey almond"
"mexican","water baking soda kosher salt sugar vanilla extract cinnamon goat milk"
"italian","peach schnapps peach juice prosecco peach"
"french","orange juice triple sec prosecco orange"
"mexican","white wine apple brandy triple sec seltzer lemon juice apple apple cider"
"german","egg yolk egg heavy cream kosher salt tapioca flour pie dough ground cinnamon kosher salt light brown sugar ground ginger ground cloves grated nutmeg apple"
"american","lime juice vodka pomegranate juice triple sec"
"japanese","cooked white rice togarashi sugar soy sauce sake dashi onion chicken thigh scallion egg"
"american","corn black peppercorn coriander seed vegetable stock bay leaf fennel seed garlic onion flour butter half and half russet potato all purpose flour black peppercorn kosher salt sugar sugar unsalted butter water whole wheat flour scallion"
"italian","fresh pasta canned tomatoes black peppercorn kosher salt red pepper flakes olive oil onion garlic manzanilla olive black peppercorn garlic parsley lemon octopus"
"american","black beans cumin seed ancho chile new mexico chile arbol chile vegetable stock garlic onion jalapeno olive oil dark brown sugar red bell pepper black peppercorn tomato paste smoked paprika cocoa powder ground coriander ground cumin vegetable stock porter apple cider vinegar kosher salt soy sauce cilantro scallion"
"american","vanilla extract cream cheese confectioners sugar ground cinnamon kosher salt light brown sugar nutmeg unsalted butter all purpose flour kosher salt sugar unsalted butter baking soda greek yogurt yeast milk pecan"
"american","black peppercorn kosher salt butter black peppercorn kosher salt sockeye salmon parsley"
"middle eastern","garlic kosher salt lemon juice ice cube vegetable oil"
"russian","black peppercorn vegetable oil kosher salt short rib pork belly beef bones carrot celery garlic onion tomato paste parsley dill bay leaf ham hock carrot celery garlic onion celery root beet parsnip cabbage canned whole tomato red potato red wine vinegar kielbasa buttermilk dill sour cream bread flour oat flour caraway seed rye flour wheat gluten instant yeast"
"russian","buttermilk bread flour oat flour rye flour wheat gluten instant yeast olive oil sesame seed salt caraway seed"
"russian","black peppercorn kosher salt butter turnip"
"american","unsalted butter ice cube all purpose flour kosher salt baking soda egg granulated sugar vanilla extract dark brown sugar chocolate kosher salt"
"polish","water bread flour kosher salt sugar bread flour instant yeast water barley malt syrup"
"french","egg yolk kosher salt lemon juice water butter cayenne pepper"
"russian","shallot scallion sour cream hard boiled egg sockeye salmon vegetable oil egg yolk unsalted butter buttermilk egg white all purpose flour kosher salt sugar baking soda double-acting baking powder buckwheat flour"
"english","black peppercorn half and half onion unsalted butter cabbage bacon kosher salt russet potato"
"russian","carrot onion beet kosher salt olive oil vegetable stock cabbage black peppercorn lemon sour cream chive"
"russian","onion butter carrot celery cabbage black peppercorn vegetable stock bay leaf russet potato kosher salt tomato black peppercorn dill sour cream"
"russian","cod sockeye salmon black peppercorn water bay leaf fish stock salt potato carrot onion olive oil dill"
"russian","dill cucumber scallion hard boiled egg ham water sour cream salt vinegar potato vinegar"
"american","egg peanut granulated sugar granulated sugar light brown sugar all purpose flour kosher salt baking soda double-acting baking powder unsalted butter peanut butter"
"russian","all purpose flour kosher salt double-acting baking powder vegetable oil egg lemon juice water russet potato black peppercorn scallion butter egg"
"russian","sugar water yeast rye flakes dark rye flour barley malt olive oil bread flour salt yogurt"
"italian","all purpose flour egg yolk egg kosher salt"
"american","campari cynar gin orange vermouth bitters fernet branca"
"african","kosher salt cod garlic cilantro cayenne pepper paprika ground cumin lemon juice extra virgin olive oil extra virgin olive oil carrot kosher salt onion green bell pepper tomato olive preserved lemon cilantro"
"italian","black peppercorn extra virgin olive oil kosher salt kosher salt vegetable oil garlic lemon juice rosemary spareribs"
"japanese","egg yolk heavy cream kosher salt light brown sugar whole milk black sesame paste"
"italian","balsamic vinegar black peppercorn extra virgin olive oil salt radicchio"
"japanese","lemon vegetable oil cornstarch garlic kosher salt sugar soy sauce ginger sake chicken thigh"
"ancient","water coffee bean"
"american","water dry vermouth champagne acid caperitif amaro sfumato saline water lactic acid tartaric acid"
"french","all purpose flour water honey salt instant yeast"
"mexican","lime juice sour cream olive oil salt scallion jalapeno cabbage tilapia flour tortilla cilantro"
"mexican","kosher salt sour cream chipotle chile in adobo vegetable oil kosher salt tilapia ancho chile powder corn tortilla lime cilantro cabbage white onion"
